,index,country,year,forest_propotion_to_land
0,0,0,0,0.0
1,0,Afghanistan,2016,2.070000000000001
2,1,Afghanistan,2017,2.070000000000002
3,2,Afghanistan,2018,2.070000000000003
4,3,Afghanistan,2019,2.070000000000004
5,4,Afghanistan,2020,2.0700000000000047
6,5,Afghanistan,2021,2.0700000000000056
7,6,Afghanistan,2022,2.0700000000000065
8,0,Albania,2016,28.134800128428747
9,1,Albania,2017,28.109599628991376
10,2,Albania,2018,28.08439928642707
11,3,Albania,2019,28.059198943861606
12,4,Albania,2020,28.03399860129631
13,5,Albania,2021,28.008798258731016
14,6,Albania,2022,27.98359791616572
15,0,Algeria,2016,0.8274626450769207
16,1,Algeria,2017,0.8350101599838448
17,2,Algeria,2018,0.842554077547429
18,3,Algeria,2019,0.8500981397798324
19,4,Algeria,2020,0.8576421961308576
20,5,Algeria,2021,0.8651862527204414
21,6,Algeria,2022,0.8727303093003442
22,0,American Samoa,2016,87.65481942340745
23,1,American Samoa,2017,87.46882092764415
24,2,American Samoa,2018,87.29950231547807
25,3,American Samoa,2019,87.12792735454119
26,4,American Samoa,2020,86.95665648991542
27,5,American Samoa,2021,86.78534466909821
28,6,American Samoa,2022,86.61403836363218
29,0,Andorra,2016,34.04000000000002
30,1,Andorra,2017,34.040000000000035
31,2,Andorra,2018,34.04000000000005
32,3,Andorra,2019,34.04000000000006
33,4,Andorra,2020,34.04000000000008
34,5,Andorra,2021,34.04000000000009
35,6,Andorra,2022,34.040000000000106
36,0,Angola,2016,46.37158660207326
37,1,Angola,2017,46.261087434189726
38,2,Angola,2018,46.16094003443089
39,3,Angola,2019,46.059319785045595
40,4,Angola,2020,45.95790886736761
41,5,Angola,2021,45.85646820174185
42,6,Angola,2022,45.755031763509024
43,0,Antigua and Barbuda,2016,22.218539018491484
44,1,Antigua and Barbuda,2017,22.17147417688267
45,2,Antigua and Barbuda,2018,22.12397959054078
46,3,Antigua and Barbuda,2019,22.07652634574082
47,4,Antigua and Barbuda,2020,22.029069116676553
48,5,Antigua and Barbuda,2021,21.98161227151437
49,6,Antigua and Barbuda,2022,21.9341553893606
50,0,Arab World,2016,22.27
51,1,Arab World,2017,22.27
52,2,Arab World,2018,22.27
53,3,Arab World,2019,22.27
54,4,Arab World,2020,22.27
55,5,Arab World,2021,22.27
56,6,Arab World,2022,22.27
57,0,Argentina,2016,9.865733222784096
58,1,Argentina,2017,9.741872815212558
59,2,Argentina,2018,9.629678763810066
60,3,Argentina,2019,9.515793590277687
61,4,Argentina,2020,9.402153206882787
62,5,Argentina,2021,9.288477396658212
63,6,Argentina,2022,9.174806713396789
64,0,Armenia,2016,11.761935169521584
65,1,Armenia,2017,11.75757905113524
66,2,Armenia,2018,11.752852589987645
67,3,Armenia,2019,11.74816308670266
68,4,Armenia,2020,11.743469895196373
69,5,Armenia,2021,11.738777071757116
70,6,Armenia,2022,11.734084211586511
71,0,Aruba,2016,2.33
72,1,Aruba,2017,2.33
73,2,Aruba,2018,2.33
74,3,Aruba,2019,2.33
75,4,Aruba,2020,2.33
76,5,Aruba,2021,2.33
77,6,Aruba,2022,2.33
78,0,Australia,2016,16.21185309976794
79,1,Australia,2017,16.191633547844464
80,2,Australia,2018,16.170959883132404
81,3,Australia,2019,16.150308078800858
82,4,Australia,2020,16.129655163580153
83,5,Australia,2021,16.10900230382946
84,6,Australia,2022,16.088349441293367
85,0,Austria,2016,46.970949684594245
86,1,Austria,2017,47.017735149568175
87,2,Austria,2018,47.06396638285635
88,3,Austria,2019,47.11024951491641
89,4,Austria,2020,47.156527779198605
90,5,Austria,2021,47.202806499961234
91,6,Austria,2022,47.249085177916044
92,0,Azerbaijan,2016,13.855864775487804
93,1,Azerbaijan,2017,14.2400783370198
94,2,Azerbaijan,2018,14.564914680117132
95,3,Azerbaijan,2019,14.901124233222095
96,4,Azerbaijan,2020,15.235156368304855
97,5,Azerbaijan,2021,15.569605355924768
98,6,Azerbaijan,2022,15.903974540129198
99,0,Bahamas,2016,51.45
100,1,Bahamas,2017,51.45
101,2,Bahamas,2018,51.45
102,3,Bahamas,2019,51.45
103,4,Bahamas,2020,51.45
104,5,Bahamas,2021,51.45
105,6,Bahamas,2022,51.45
106,0,Bahrain,2016,0.7985547118978203
107,1,Bahrain,2017,0.821061342285658
108,2,Bahrain,2018,0.8414987332375271
109,3,Bahrain,2019,0.8622427138400719
110,4,Bahrain,2020,0.8829412700674143
111,5,Bahrain,2021,0.9036465563695651
112,6,Bahrain,2022,0.9243508455439687
113,0,Bangladesh,2016,10.972235052941484
114,1,Bangladesh,2017,10.95005694777699
115,2,Bangladesh,2018,10.930069479282803
116,3,Bangladesh,2019,10.909749376257952
117,4,Bangladesh,2020,10.889479780033831
118,5,Bangladesh,2021,10.869202514930736
119,6,Bangladesh,2022,10.848926414258994
120,0,Barbados,2016,14.65
121,1,Barbados,2017,14.65
122,2,Barbados,2018,14.65
123,3,Barbados,2019,14.65
124,4,Barbados,2020,14.65
125,5,Barbados,2021,14.65
126,6,Barbados,2022,14.65
127,0,Belarus,2016,41.747011999290315
128,1,Belarus,2017,41.92004325859964
129,2,Belarus,2018,42.08878676353481
130,3,Belarus,2019,42.258032380247414
131,4,Belarus,2020,42.42721907737227
132,5,Belarus,2021,42.59641268655585
133,6,Belarus,2022,42.76560548483601
134,0,Belgium,2016,22.585971026122042
135,1,Belgium,2017,22.6019424539975
136,2,Belgium,2018,22.61791380235477
137,3,Belgium,2019,22.633885150713077
138,4,Belgium,2020,22.649856499071266
139,5,Belgium,2021,22.665827847429455
140,6,Belgium,2022,22.681799195787644
141,0,Belize,2016,59.506917370049386
142,1,Belize,2017,59.048157030633085
143,2,Belize,2018,58.598003435037825
144,3,Belize,2019,58.14683364030073
145,4,Belize,2020,57.695787358080125
146,5,Belize,2021,57.24472618753265
147,6,Belize,2022,56.793666815859595
148,0,Benin,2016,38.665903223550245
149,1,Benin,2017,38.106096807692545
150,2,Benin,2018,37.57203351838299
151,3,Benin,2019,37.03565083454367
152,4,Benin,2020,36.49946460198491
153,5,Benin,2021,35.963262373532544
154,6,Benin,2022,35.42706141236288
155,0,Bermuda,2016,20.0
156,1,Bermuda,2017,20.0
157,2,Bermuda,2018,20.0
158,3,Bermuda,2019,20.0
159,4,Bermuda,2020,20.0
160,5,Bermuda,2021,20.0
161,6,Bermuda,2022,20.0
162,0,Bhutan,2016,72.36876880295969
163,1,Bhutan,2017,72.65503329013167
164,2,Bhutan,2018,72.91665079320651
165,3,Bhutan,2019,73.18137134153203
166,4,Bhutan,2020,73.445706035333
167,5,Bhutan,2021,73.71008853197877
168,6,Bhutan,2022,73.97446511299962
169,0,Bolivia,2016,50.41868470186629
170,1,Bolivia,2017,50.09381516684902
171,2,Bolivia,2018,49.79461066815595
172,3,Bolivia,2019,49.492181477500935
173,4,Bolivia,2020,49.19015023837274
174,5,Bolivia,2021,48.88807019692293
175,6,Bolivia,2022,48.585996126910665
176,0,Bosnia and Herzegovina,2016,42.82041753343446
177,1,Bosnia and Herzegovina,2017,42.80083516638242
178,2,Bosnia and Herzegovina,2018,42.78125273947497
179,3,Bosnia and Herzegovina,2019,42.761670312568135
180,4,Bosnia and Herzegovina,2020,42.74208788566111
181,5,Bosnia and Herzegovina,2021,42.722505458754085
182,6,Bosnia and Herzegovina,2022,42.702923031847064
183,0,Botswana,2016,19.03016418275037
184,1,Botswana,2017,18.809028453914472
185,2,Botswana,2018,18.603798946130265
186,3,Botswana,2019,18.396544863894817
187,4,Botswana,2020,18.189546727241105
188,5,Botswana,2021,17.98251628539151
189,6,Botswana,2022,17.77548991955391
190,0,Brazil,2016,58.82993490923845
191,1,Brazil,2017,58.562707026315024
192,2,Brazil,2018,58.300573152793305
193,3,Brazil,2019,58.037911545485954
194,4,Brazil,2020,57.77530396241339
195,5,Brazil,2021,57.51269086837813
196,6,Brazil,2022,57.25007833591697
197,0,British Virgin Islands,2016,24.122318004102887
198,1,British Virgin Islands,2017,24.095742011139073
199,2,British Virgin Islands,2018,24.07178444024294
200,3,British Virgin Islands,2019,24.047464389677064
201,4,British Virgin Islands,2020,24.023194516752188
202,5,British Virgin Islands,2021,23.99891769780485
203,6,British Virgin Islands,2022,23.974641840385882
204,0,Brunei,2016,71.8136367284267
205,1,Brunei,2017,71.5560977632594
206,2,Brunei,2018,71.29435542442104
207,3,Brunei,2019,71.03304810128644
208,4,Brunei,2020,70.77169630959801
209,5,Brunei,2021,70.5103490477234
210,6,Brunei,2022,70.24900132487976
211,0,Bulgaria,2016,35.34239283197223
212,1,Bulgaria,2017,35.537319701130585
213,2,Bulgaria,2018,35.72342440088343
214,3,Bulgaria,2019,35.91058446507931
215,4,Bulgaria,2020,36.0976180203859
216,5,Bulgaria,2021,36.284666736719906
217,6,Bulgaria,2022,36.47171363607439
218,0,Burkina Faso,2016,19.46755390659163
219,1,Burkina Faso,2017,19.22617672993863
220,2,Burkina Faso,2018,19.006197313804464
221,3,Burkina Faso,2019,18.783425833867152
222,4,Burkina Faso,2020,18.561016000907667
223,5,Burkina Faso,2021,18.338559407943404
224,6,Burkina Faso,2022,18.116108858330904
225,0,Burundi,2016,10.887037586762354
226,1,Burundi,2017,11.024084455704834
227,2,Burundi,2018,11.161129288636728
228,3,Burundi,2019,11.298174121611751
229,4,Burundi,2020,11.435218954581341
230,5,Burundi,2021,11.57226378755093
231,6,Burundi,2022,11.70930862052052
232,0,Cambodia,2016,53.22222779230641
233,1,Cambodia,2017,52.36189549011917
234,2,Cambodia,2018,51.56383909326629
235,3,Cambodia,2019,50.7590033868573
236,4,Cambodia,2020,49.954861779456984
237,5,Cambodia,2021,49.150651838231695
238,6,Cambodia,2022,48.346448443719346
239,0,Cameroon,2016,39.62756785844493
240,1,Cameroon,2017,39.11799089738014
241,2,Cameroon,2018,38.64911420141439
242,3,Cameroon,2019,38.175836478112764
243,4,Cameroon,2020,37.70300629539168
244,5,Cameroon,2021,37.23013235416386
245,6,Cameroon,2022,36.75726257634398
246,0,Canada,2016,38.16700468800596
247,1,Canada,2017,38.16134204972399
248,2,Canada,2018,38.156093070875784
249,3,Canada,2019,38.15077995039588
250,4,Canada,2020,38.14547677563269
251,5,Canada,2021,38.14017205869985
252,6,Canada,2022,38.13486758089379
253,0,Cape Verde,2016,22.596443738210098
254,1,Cape Verde,2017,22.930298780087853
255,2,Cape Verde,2018,23.25853499844945
256,3,Cape Verde,2019,23.587211336024485
257,4,Cape Verde,2020,23.915846131198478
258,5,Cape Verde,2021,24.244484512737227
259,6,Cape Verde,2022,24.573122571505433
260,0,Caribbean small states,2016,22.31000000000001
261,1,Caribbean small states,2017,22.310000000000016
262,2,Caribbean small states,2018,22.310000000000024
263,3,Caribbean small states,2019,22.31000000000003
264,4,Caribbean small states,2020,22.310000000000038
265,5,Caribbean small states,2021,22.310000000000045
266,6,Caribbean small states,2022,22.310000000000052
267,0,Cayman Islands,2016,52.92
268,1,Cayman Islands,2017,52.92
269,2,Cayman Islands,2018,52.92
270,3,Cayman Islands,2019,52.92
271,4,Cayman Islands,2020,52.92
272,5,Cayman Islands,2021,52.92
273,6,Cayman Islands,2022,52.92
274,0,Central African Republic,2016,35.579585637306806
275,1,Central African Republic,2017,35.55220102450587
276,2,Central African Republic,2018,35.52736084665571
277,3,Central African Republic,2019,35.502139664215335
278,4,Central African Republic,2020,35.476975530504035
279,5,Central African Republic,2021,35.4518028547686
280,6,Central African Republic,2022,35.426631458047986
281,0,Central Europe and the Baltics,2016,35.59
282,1,Central Europe and the Baltics,2017,35.59
283,2,Central Europe and the Baltics,2018,35.59
284,3,Central Europe and the Baltics,2019,35.59
285,4,Central Europe and the Baltics,2020,35.59
286,5,Central Europe and the Baltics,2021,35.59
287,6,Central Europe and the Baltics,2022,35.59
288,0,Chad,2016,3.864135567604573
289,1,Chad,2017,3.754026744373619
290,2,Chad,2018,3.6651844854203888
291,3,Chad,2019,3.572010116343368
292,4,Chad,2020,3.479718162048357
293,5,Chad,2021,3.3872464677426466
294,6,Chad,2022,3.294811384867028
295,0,Channel Islands,2016,3.87
296,1,Channel Islands,2017,3.87
297,2,Channel Islands,2018,3.87
298,3,Channel Islands,2019,3.87
299,4,Channel Islands,2020,3.87
300,5,Channel Islands,2021,3.87
301,6,Channel Islands,2022,3.87
302,0,Chile,2016,23.648254534542872
303,1,Chile,2017,24.03870873434797
304,2,Chile,2018,24.268340151242644
305,3,Chile,2019,24.541626263515777
306,4,Chile,2020,24.803062356701158
307,5,Chile,2021,25.067715123711388
308,6,Chile,2022,25.33149472836777
309,0,China,2016,22.232878988148357
310,1,China,2017,22.466353599430086
311,2,China,2018,22.687243167783297
312,3,China,2019,22.909651909314515
313,4,China,2020,23.13187893688839
314,5,China,2021,23.354127647699542
315,6,China,2022,23.576373772782347
316,0,Colombia,2016,52.4930750529985
317,1,Colombia,2017,52.272890054747386
318,2,Colombia,2018,52.05074816935712
319,3,Colombia,2019,51.82882497079367
320,4,Colombia,2020,51.60687761597262
321,5,Colombia,2021,51.3849329211742
322,6,Colombia,2022,51.16298793370727
323,0,Comoros,2016,19.767101235035213
324,1,Comoros,2017,19.48431854101145
325,2,Comoros,2018,19.224088559329576
326,3,Comoros,2019,18.96081048443449
327,4,Comoros,2020,18.697939322304546
328,5,Comoros,2021,18.43501403826852
329,6,Comoros,2022,18.172095944766326
330,0,Congo,2016,65.37984539119545
331,1,Congo,2017,65.32947119167103
332,2,Congo,2018,65.28324039589401
333,3,Congo,2019,65.23644320652939
334,4,Congo,2020,65.1897234271464
335,5,Congo,2021,65.14299306813548
336,6,Congo,2022,65.09626415504201
337,0,Costa Rica,2016,54.3872376351277
338,1,Costa Rica,2017,54.989820213582796
339,2,Costa Rica,2018,55.568426861195086
340,3,Costa Rica,2019,56.149518411202386
341,4,Costa Rica,2020,56.73033794667867
342,5,Costa Rica,2021,57.31118671672523
343,6,Costa Rica,2022,57.89203232559191
344,0,Cote d'Ivoire,2016,32.73570078251846
345,1,Cote d'Ivoire,2017,32.759256739198314
346,2,Cote d'Ivoire,2018,32.783009152060615
347,3,Cote d'Ivoire,2019,32.80674371261423
348,4,Cote d'Ivoire,2020,32.83047989649226
349,5,Cote d'Ivoire,2021,32.854215932768014
350,6,Cote d'Ivoire,2022,32.877951982464694
351,0,Croatia,2016,34.40543681053723
352,1,Croatia,2017,34.458808151065966
353,2,Croatia,2018,34.5124329687839
354,3,Croatia,2019,34.566026867747574
355,4,Croatia,2020,34.61962453644378
356,5,Croatia,2021,34.67322174553505
357,6,Croatia,2022,34.72681901066112
358,0,Cuba,2016,30.111552698273723
359,1,Cuba,2017,30.598207595628963
360,2,Cuba,2018,31.023547503232404
361,3,Cuba,2019,31.456837359337648
362,4,Cuba,2020,31.889134620909985
363,5,Cuba,2021,32.321553519715685
364,6,Cuba,2022,32.7539576556202
365,0,Cyprus,2016,18.745299265224215
366,1,Cyprus,2017,18.79750633685522
367,2,Cyprus,2018,18.849943579189112
368,3,Cyprus,2019,18.90236597299046
369,4,Cyprus,2020,18.954789364330882
370,5,Cyprus,2021,19.007212689449545
371,6,Cyprus,2022,19.059636018979614
372,0,Czech Republic,2016,34.54226958479815
373,1,Czech Republic,2017,34.571521254743224
374,2,Czech Republic,2018,34.595175930103245
375,3,Czech Republic,2019,34.61999111232177
376,4,Czech Republic,2020,34.64456567212063
377,5,Czech Republic,2021,34.669190123166814
378,6,Czech Republic,2022,34.69380422963851
379,0,Democratic Republic of Congo,2016,67.24750050800723
380,1,Democratic Republic of Congo,2017,67.0956607358996
381,2,Democratic Republic of Congo,2018,66.95775662632427
382,3,Democratic Republic of Congo,2019,66.8179264707489
383,4,Democratic Republic of Congo,2020,66.6783619138802
384,5,Democratic Republic of Congo,2021,66.53876074401529
385,6,Democratic Republic of Congo,2022,66.39916462101424
386,0,Denmark,2016,14.49519787972064
387,1,Denmark,2017,14.560400159682867
388,2,Denmark,2018,14.62560212083971
389,3,Denmark,2019,14.690804082001682
390,4,Denmark,2020,14.75600604316346
391,5,Denmark,2021,14.821208004325237
392,6,Denmark,2022,14.886409965487015
393,0,Djibouti,2016,0.24
394,1,Djibouti,2017,0.24
395,2,Djibouti,2018,0.24
396,3,Djibouti,2019,0.24
397,4,Djibouti,2020,0.24
398,5,Djibouti,2021,0.24
399,6,Djibouti,2022,0.24
400,0,Dominica,2016,57.63625124491437
401,1,Dominica,2017,57.245852393054626
402,2,Dominica,2018,56.88775675431467
403,3,Dominica,2019,56.52587374031454
404,4,Dominica,2020,56.164422315726156
405,5,Dominica,2021,55.80292230796297
406,6,Dominica,2022,55.44142773953467
407,0,Dominican Republic,2016,41.3675265537187
408,1,Dominican Republic,2017,42.154895568520836
409,2,Dominican Republic,2018,42.88983184468695
410,3,Dominican Republic,2019,43.63012182958845
411,4,Dominican Republic,2020,44.36989779431353
412,5,Dominican Republic,2021,45.109721208659664
413,6,Dominican Republic,2022,45.84954036086762
414,0,Early-demographic dividend,2016,41.04
415,1,Early-demographic dividend,2017,41.04
416,2,Early-demographic dividend,2018,41.04
417,3,Early-demographic dividend,2019,41.04
418,4,Early-demographic dividend,2020,41.04
419,5,Early-demographic dividend,2021,41.04
420,6,Early-demographic dividend,2022,41.04
421,0,East Asia & Pacific,2016,41.04
422,1,East Asia & Pacific,2017,41.04
423,2,East Asia & Pacific,2018,41.04
424,3,East Asia & Pacific,2019,41.04
425,4,East Asia & Pacific,2020,41.04
426,5,East Asia & Pacific,2021,41.04
427,6,East Asia & Pacific,2022,41.04
428,0,East Asia & Pacific (IDA & IBRD),2016,41.04
429,1,East Asia & Pacific (IDA & IBRD),2017,41.04
430,2,East Asia & Pacific (IDA & IBRD),2018,41.04
431,3,East Asia & Pacific (IDA & IBRD),2019,41.04
432,4,East Asia & Pacific (IDA & IBRD),2020,41.04
433,5,East Asia & Pacific (IDA & IBRD),2021,41.04
434,6,East Asia & Pacific (IDA & IBRD),2022,41.04
435,0,East Asia & Pacific (excluding high income),2016,41.04
436,1,East Asia & Pacific (excluding high income),2017,41.04
437,2,East Asia & Pacific (excluding high income),2018,41.04
438,3,East Asia & Pacific (excluding high income),2019,41.04
439,4,East Asia & Pacific (excluding high income),2020,41.04
440,5,East Asia & Pacific (excluding high income),2021,41.04
441,6,East Asia & Pacific (excluding high income),2022,41.04
442,0,Ecuador,2016,50.365251886698175
443,1,Ecuador,2017,50.00126861553308
444,2,Ecuador,2018,49.66204005202262
445,3,Ecuador,2019,49.32007108054483
446,4,Ecuador,2020,48.97839787574095
447,5,Ecuador,2021,48.636693077495536
448,6,Ecuador,2022,48.29499163950541
449,0,Egypt,2016,0.07134540681134419
450,1,Egypt,2017,0.0725878275121787
451,2,Egypt,2018,0.0738382684926831
452,3,Egypt,2019,0.07508808505790926
453,4,Egypt,2020,0.07633795023694559
454,5,Egypt,2021,0.07758781163115726
455,6,Egypt,2022,0.07883767332003618
456,0,El Salvador,2016,12.703920364377927
457,1,El Salvador,2017,12.466629585886416
458,2,El Salvador,2018,12.249584047190359
459,3,El Salvador,2019,12.029911049857713
460,4,El Salvador,2020,11.810576569137112
461,5,El Salvador,2021,11.591198550877
462,6,El Salvador,2022,11.371826129733838
463,0,Equatorial Guinea,2016,55.74178803528749
464,1,Equatorial Guinea,2017,55.286129879295444
465,2,Equatorial Guinea,2018,54.8667725909147
466,3,Equatorial Guinea,2019,54.44338755881234
467,4,Equatorial Guinea,2020,54.02042872482389
468,5,Equatorial Guinea,2021,53.597425963219884
469,6,Equatorial Guinea,2022,53.17442765972838
470,0,Eritrea,2016,14.932476222218012
471,1,Eritrea,2017,14.883872047380157
472,2,Eritrea,2018,14.839816860706971
473,3,Eritrea,2019,14.795097776525711
474,4,Eritrea,2020,14.750475567112549
475,5,Eritrea,2021,14.705839222055939
476,6,Eritrea,2022,14.661204939623943
477,0,Estonia,2016,52.67440607916043
478,1,Estonia,2017,52.69881147994622
479,2,Estonia,2018,52.72321692419203
480,3,Estonia,2019,52.747622368437064
481,4,Estonia,2020,52.772027812682126
482,5,Estonia,2021,52.79643325692719
483,6,Estonia,2022,52.82083870117225
484,0,Ethiopia,2016,11.304399924400942
485,1,Ethiopia,2017,11.208800043865638
486,2,Ethiopia,2018,11.113200085423312
487,3,Ethiopia,2019,11.017600126981081
488,4,Ethiopia,2020,10.92200016853883
489,5,Ethiopia,2021,10.826400210096578
490,6,Ethiopia,2022,10.730800251654326
491,0,Euro area,2016,11.400000000000006
492,1,Euro area,2017,11.40000000000001
493,2,Euro area,2018,11.400000000000013
494,3,Euro area,2019,11.400000000000016
495,4,Euro area,2020,11.40000000000002
496,5,Euro area,2021,11.400000000000023
497,6,Euro area,2022,11.400000000000027
498,0,Europe & Central Asia,2016,11.400000000000006
499,1,Europe & Central Asia,2017,11.40000000000001
500,2,Europe & Central Asia,2018,11.400000000000013
501,3,Europe & Central Asia,2019,11.400000000000016
502,4,Europe & Central Asia,2020,11.40000000000002
503,5,Europe & Central Asia,2021,11.400000000000023
504,6,Europe & Central Asia,2022,11.400000000000027
505,0,Europe & Central Asia (IDA & IBRD),2016,11.400000000000006
506,1,Europe & Central Asia (IDA & IBRD),2017,11.40000000000001
507,2,Europe & Central Asia (IDA & IBRD),2018,11.400000000000013
508,3,Europe & Central Asia (IDA & IBRD),2019,11.400000000000016
509,4,Europe & Central Asia (IDA & IBRD),2020,11.40000000000002
510,5,Europe & Central Asia (IDA & IBRD),2021,11.400000000000023
511,6,Europe & Central Asia (IDA & IBRD),2022,11.400000000000027
512,0,Europe & Central Asia (excluding high income),2016,11.400000000000006
513,1,Europe & Central Asia (excluding high income),2017,11.40000000000001
514,2,Europe & Central Asia (excluding high income),2018,11.400000000000013
515,3,Europe & Central Asia (excluding high income),2019,11.400000000000016
516,4,Europe & Central Asia (excluding high income),2020,11.40000000000002
517,5,Europe & Central Asia (excluding high income),2021,11.400000000000023
518,6,Europe & Central Asia (excluding high income),2022,11.400000000000027
519,0,European Union,2016,11.400000000000006
520,1,European Union,2017,11.40000000000001
521,2,European Union,2018,11.400000000000013
522,3,European Union,2019,11.400000000000016
523,4,European Union,2020,11.40000000000002
524,5,European Union,2021,11.400000000000023
525,6,European Union,2022,11.400000000000027
526,0,Faeroe Islands,2016,0.06
527,1,Faeroe Islands,2017,0.06
528,2,Faeroe Islands,2018,0.06
529,3,Faeroe Islands,2019,0.06
530,4,Faeroe Islands,2020,0.06
531,5,Faeroe Islands,2021,0.06
532,6,Faeroe Islands,2022,0.06
533,0,Fiji,2016,55.69577812107578
534,1,Fiji,2017,55.852723526452934
535,2,Fiji,2018,55.99208940145035
536,3,Fiji,2019,56.13359805875902
537,4,Fiji,2020,56.27484476230209
538,5,Fiji,2021,56.416123476522685
539,6,Fiji,2022,56.55739827882799
540,0,Finland,2016,73.15522009147347
541,1,Finland,2017,73.20043936560857
542,2,Finland,2018,73.24565870762846
543,3,Finland,2019,73.2908780496459
544,4,Finland,2020,73.33609739166343
545,5,Finland,2021,73.38131673368096
546,6,Finland,2022,73.4265360756985
547,0,Fragile and conflict affected situations,2016,73.11
548,1,Fragile and conflict affected situations,2017,73.11
549,2,Fragile and conflict affected situations,2018,73.11
550,3,Fragile and conflict affected situations,2019,73.11
551,4,Fragile and conflict affected situations,2020,73.11
552,5,Fragile and conflict affected situations,2021,73.11
553,6,Fragile and conflict affected situations,2022,73.11
554,0,France,2016,31.057858432013873
555,1,France,2017,31.269218349750858
556,2,France,2018,31.45375831330997
557,3,France,2019,31.642356803440084
558,4,France,2020,31.830343586957053
559,5,France,2021,32.018422497529414
560,6,France,2022,32.206487535178375
561,0,French Polynesia,2016,43.64576917296537
562,1,French Polynesia,2017,44.77185592087825
563,2,French Polynesia,2018,45.914607746772205
564,3,French Polynesia,2019,47.05590469887179
565,4,French Polynesia,2020,48.19732072432201
566,5,French Polynesia,2021,49.33872739409853
567,6,French Polynesia,2022,50.48013477853773
568,0,Gabon,2016,93.1399996349441
569,1,Gabon,2017,97.01999926988823
570,2,Gabon,2018,100.89999890483236
571,3,Gabon,2019,104.77999853977649
572,4,Gabon,2020,108.65999817472061
573,5,Gabon,2021,112.53999780966474
574,6,Gabon,2022,116.41999744460887
575,0,Gambia,2016,48.89342127961085
576,1,Gambia,2017,49.09341100497809
577,2,Gambia,2018,49.27937877268927
578,3,Gambia,2019,49.4671439041732
579,4,Gambia,2020,49.65467991228609
580,5,Gambia,2021,49.84224509387868
581,6,Gambia,2022,50.02980656186359
582,0,Georgia,2016,40.66535896671338
583,1,Georgia,2017,40.70709729401731
584,2,Georgia,2018,40.74917050360243
585,3,Georgia,2019,40.791213320339935
586,4,Georgia,2020,40.83325890179157
587,5,Georgia,2021,40.8753042318192
588,6,Georgia,2022,40.9173495847122
589,0,Germany,2016,32.772321616478905
590,1,Germany,2017,32.78704044652393
591,2,Germany,2018,32.80144129326727
592,3,Germany,2019,32.81588429237949
593,4,Germany,2020,32.830321703813695
594,5,Germany,2021,32.84475985594479
595,6,Germany,2022,32.85919790988986
596,0,Ghana,2016,41.078144316347306
597,1,Ghana,2017,41.215934559218695
598,2,Ghana,2018,41.34099959047193
599,3,Ghana,2019,41.46784726161352
600,4,Ghana,2020,41.59444567474488
601,5,Ghana,2021,41.721078931103044
602,6,Ghana,2022,41.847707316990125
603,0,Gibraltar,2016,0.0
604,1,Gibraltar,2017,0.0
605,2,Gibraltar,2018,0.0
606,3,Gibraltar,2019,0.0
607,4,Gibraltar,2020,0.0
608,5,Gibraltar,2021,0.0
609,6,Gibraltar,2022,0.0
610,0,Greece,2016,31.539592463372745
611,1,Greece,2017,31.797364307392275
612,2,Greece,2018,32.032777740048715
613,3,Greece,2019,32.27105917872587
614,4,Greece,2020,32.50897606689452
615,5,Greece,2021,32.74693918208725
616,6,Greece,2022,32.98489643914401
617,0,Greenland,2016,0.0
618,1,Greenland,2017,0.0
619,2,Greenland,2018,0.0
620,3,Greenland,2019,0.0
621,4,Greenland,2020,0.0
622,5,Greenland,2021,0.0
623,6,Greenland,2022,0.0
624,0,Grenada,2016,49.97
625,1,Grenada,2017,49.97
626,2,Grenada,2018,49.97
627,3,Grenada,2019,49.97
628,4,Grenada,2020,49.97
629,5,Grenada,2021,49.97
630,6,Grenada,2022,49.97
631,0,Guam,2016,46.3
632,1,Guam,2017,46.3
633,2,Guam,2018,46.3
634,3,Guam,2019,46.3
635,4,Guam,2020,46.3
636,5,Guam,2021,46.3
637,6,Guam,2022,46.3
638,0,Guatemala,2016,32.746997530802794
639,1,Guatemala,2017,32.26512702528969
640,2,Guatemala,2018,31.80481704729427
641,3,Guatemala,2019,31.342413334004554
642,4,Guatemala,2020,30.880200827089677
643,5,Guatemala,2021,30.417971530859255
644,6,Guatemala,2022,29.955743669189918
645,0,Guinea,2016,25.84387871339396
646,1,Guinea,2017,25.682358369410053
647,2,Guinea,2018,25.53559896901167
648,3,Guinea,2019,25.386806283839405
649,4,Guinea,2020,25.238292931851866
650,5,Guinea,2021,25.089741221703793
651,6,Guinea,2022,24.941194778541288
652,0,Guinea-Bissau,2016,70.00996842209008
653,1,Guinea-Bissau,2017,69.62774983417033
654,2,Guinea-Bissau,2018,69.27919010253882
655,3,Guinea-Bissau,2019,68.92658533032242
656,4,Guinea-Bissau,2020,68.57445459328041
657,5,Guinea-Bissau,2021,68.22226886999034
658,6,Guinea-Bissau,2022,67.87008949775651
659,0,Guyana,2016,83.9669787284341
660,1,Guyana,2017,83.921740993123
661,2,Guyana,2018,83.89023231880088
662,3,Guyana,2019,83.85569534284386
663,4,Guyana,2020,83.8218263312972
664,5,Guyana,2021,83.78780998424385
665,6,Guyana,2022,83.7538261355558
666,0,Haiti,2016,3.5108494978787395
667,1,Haiti,2017,3.4798938754624458
668,2,Haiti,2018,3.4524523004312866
669,3,Haiti,2019,3.424445210707596
670,4,Haiti,2020,3.3965291235971122
671,5,Haiti,2021,3.3685983923860108
672,6,Haiti,2022,3.3406700176968966
673,0,Heavily indebted poor countries (HIPC),2016,3.52
674,1,Heavily indebted poor countries (HIPC),2017,3.52
675,2,Heavily indebted poor countries (HIPC),2018,3.52
676,3,Heavily indebted poor countries (HIPC),2019,3.52
677,4,Heavily indebted poor countries (HIPC),2020,3.52
678,5,Heavily indebted poor countries (HIPC),2021,3.52
679,6,Heavily indebted poor countries (HIPC),2022,3.52
680,0,High income,2016,3.52
681,1,High income,2017,3.52
682,2,High income,2018,3.52
683,3,High income,2019,3.52
684,4,High income,2020,3.52
685,5,High income,2021,3.52
686,6,High income,2022,3.52
687,0,Honduras,2016,40.2845237349235
688,1,Honduras,2017,38.93469697770777
689,2,Honduras,2018,37.643937986889625
690,3,Honduras,2019,36.347925599275406
691,4,Honduras,2020,35.05235243902089
692,5,Honduras,2021,33.756743976057116
693,6,Honduras,2022,32.461138273897554
694,0,Hungary,2016,22.773058448367607
695,1,Hungary,2017,22.89676612295443
696,2,Hungary,2018,23.017840945095006
697,3,Hungary,2019,23.139246863079993
698,4,Hungary,2020,23.260611230739162
699,5,Hungary,2021,23.381980811027354
700,6,Hungary,2022,23.503349737405415
701,0,IBRD only,2016,22.67
702,1,IBRD only,2017,22.67
703,2,IBRD only,2018,22.67
704,3,IBRD only,2019,22.67
705,4,IBRD only,2020,22.67
706,5,IBRD only,2021,22.67
707,6,IBRD only,2022,22.67
708,0,IDA & IBRD total,2016,22.67
709,1,IDA & IBRD total,2017,22.67
710,2,IDA & IBRD total,2018,22.67
711,3,IDA & IBRD total,2019,22.67
712,4,IDA & IBRD total,2020,22.67
713,5,IDA & IBRD total,2021,22.67
714,6,IDA & IBRD total,2022,22.67
715,0,IDA blend,2016,22.67
716,1,IDA blend,2017,22.67
717,2,IDA blend,2018,22.67
718,3,IDA blend,2019,22.67
719,4,IDA blend,2020,22.67
720,5,IDA blend,2021,22.67
721,6,IDA blend,2022,22.67
722,0,IDA only,2016,22.67
723,1,IDA only,2017,22.67
724,2,IDA only,2018,22.67
725,3,IDA only,2019,22.67
726,4,IDA only,2020,22.67
727,5,IDA only,2021,22.67
728,6,IDA only,2022,22.67
729,0,IDA total,2016,22.67
730,1,IDA total,2017,22.67
731,2,IDA total,2018,22.67
732,3,IDA total,2019,22.67
733,4,IDA total,2020,22.67
734,5,IDA total,2021,22.67
735,6,IDA total,2022,22.67
736,0,Iceland,2016,0.4960819725849092
737,1,Iceland,2017,0.5106226758904461
738,2,Iceland,2018,0.5238641997499952
739,3,Iceland,2019,0.5373051540534147
740,4,Iceland,2020,0.5507154952534226
741,5,Iceland,2021,0.5641305356443614
742,6,Iceland,2022,0.5775448546972877
743,0,India,2016,23.829524339928515
744,1,India,2017,23.92690254367705
745,2,India,2018,24.018788976623632
746,3,India,2019,24.111464979751823
747,4,India,2020,24.20402758308306
748,5,India,2021,24.296606471135846
749,6,India,2022,24.389183020663012
750,0,Indonesia,2016,52.38543229956282
751,1,Indonesia,2017,51.71423252142982
752,2,Indonesia,2018,51.05692563561487
753,3,Indonesia,2019,50.39823067581856
754,4,Indonesia,2020,49.73969856670988
755,5,Indonesia,2021,49.08114873075405
756,6,Indonesia,2022,48.42260089144435
757,0,Iran,2016,5.828665209213792
758,1,Iran,2017,5.865134404606861
759,2,Iran,2018,5.901767693705827
760,3,Iran,2019,5.938389426973713
761,4,Iran,2020,5.975011983645856
762,5,Iran,2021,6.011634481785852
763,6,Iran,2022,6.048256984088625
764,0,Iraq,2016,1.9022713595524323
765,1,Iraq,2017,1.9043371404327405
766,2,Iraq,2018,1.9064218303016431
767,3,Iraq,2019,1.9085047813788212
768,4,Iraq,2020,1.910587892348677
769,5,Iraq,2021,1.912670988615411
770,6,Iraq,2022,1.914754086234188
771,0,Ireland,2016,11.098269996444433
772,1,Ireland,2017,11.274401898247614
773,2,Ireland,2018,11.447243213526347
774,3,Ireland,2019,11.620465133749098
775,4,Ireland,2020,11.793642902500224
776,5,Ireland,2021,11.966825790858879
777,6,Ireland,2022,12.140008085536136
778,0,Isle of Man,2016,6.06
779,1,Isle of Man,2017,6.06
780,2,Isle of Man,2018,6.06
781,3,Isle of Man,2019,6.06
782,4,Isle of Man,2020,6.06
783,5,Isle of Man,2021,6.06
784,6,Isle of Man,2022,6.06
785,0,Israel,2016,7.652416184622969
786,1,Israel,2017,7.71695241743174
787,2,Israel,2018,7.7787000665768025
788,3,Israel,2019,7.840678426629209
789,4,Israel,2020,7.902637522785905
790,5,Israel,2021,7.964598224576706
791,6,Israel,2022,8.026558792492809
792,0,Italy,2016,31.75246289842988
793,1,Italy,2017,32.00139262475124
794,2,Italy,2018,32.23793853269085
795,3,Italy,2019,32.4758709007895
796,4,Italy,2020,32.713649607418425
797,5,Italy,2021,32.95144529733738
798,6,Italy,2022,33.189239111623046
799,0,Jamaica,2016,30.93789700215059
800,1,Jamaica,2017,30.899128235585565
801,2,Jamaica,2018,30.86442935976076
802,3,Jamaica,2019,30.82911054646544
803,4,Jamaica,2020,30.793886154241775
804,5,Jamaica,2021,30.758647381063714
805,6,Jamaica,2022,30.723410798199644
806,0,Japan,2016,68.47076165820556
807,1,Japan,2017,68.4715248798035
808,2,Japan,2018,68.47228812619818
809,3,Japan,2019,68.47305137259661
810,4,Japan,2020,68.47381461899508
811,5,Japan,2021,68.47457786539354
812,6,Japan,2022,68.475341111792
813,0,Jordan,2016,1.1
814,1,Jordan,2017,1.1
815,2,Jordan,2018,1.1
816,3,Jordan,2019,1.1
817,4,Jordan,2020,1.1
818,5,Jordan,2021,1.1
819,6,Jordan,2022,1.1
820,0,Kazakhstan,2016,1.228126116225316
821,1,Kazakhstan,2017,1.2264851963000591
822,2,Kazakhstan,2018,1.2248153930200192
823,3,Kazakhstan,2019,1.2231491707330766
824,4,Kazakhstan,2020,1.2214825044703082
825,5,Kazakhstan,2021,1.2198158932521959
826,6,Kazakhstan,2022,1.218149275209581
827,0,Kenya,2016,7.7279987304700954
828,1,Kenya,2017,7.705999596616263
829,2,Kenya,2018,7.683999706342416
830,3,Kenya,2019,7.66199981607645
831,4,Kenya,2020,7.6399999258088105
832,5,Kenya,2021,7.618000035541172
833,6,Kenya,2022,7.596000145273534
834,0,Kiribati,2016,15.0
835,1,Kiribati,2017,15.0
836,2,Kiribati,2018,15.0
837,3,Kiribati,2019,15.0
838,4,Kiribati,2020,15.0
839,5,Kiribati,2021,15.0
840,6,Kiribati,2022,15.0
841,0,Kuwait,2016,0.3575053945976219
842,1,Kuwait,2017,0.3640697549168685
843,2,Kuwait,2018,0.37075031694882943
844,3,Kuwait,2019,0.3774165334378124
845,4,Kuwait,2020,0.3840845209320523
846,5,Kuwait,2021,0.390752289789783
847,6,Kuwait,2022,0.39742008563892034
848,0,Kyrgyzstan,2016,3.2635008492947892
849,1,Kyrgyzstan,2017,3.186721941047915
850,2,Kyrgyzstan,2018,3.1108445382010887
851,3,Kyrgyzstan,2019,3.0348910383970775
852,4,Kyrgyzstan,2020,2.9589440054315936
853,5,Kyrgyzstan,2021,2.8829964235651997
854,6,Kyrgyzstan,2022,2.8070488882991462
855,0,Laos,2016,81.87726782543899
856,1,Laos,2017,82.84860054375947
857,2,Laos,2018,83.76487677712225
858,3,Laos,2019,84.68853603736275
859,4,Laos,2020,85.6111900895343
860,5,Laos,2021,86.53398052033475
861,6,Laos,2022,87.45675243328596
862,0,Late-demographic dividend,2016,81.29
863,1,Late-demographic dividend,2017,81.29
864,2,Late-demographic dividend,2018,81.29
865,3,Late-demographic dividend,2019,81.29
866,4,Late-demographic dividend,2020,81.29
867,5,Late-demographic dividend,2021,81.29
868,6,Late-demographic dividend,2022,81.29
869,0,Latin America & Caribbean,2016,81.29
870,1,Latin America & Caribbean,2017,81.29
871,2,Latin America & Caribbean,2018,81.29
872,3,Latin America & Caribbean,2019,81.29
873,4,Latin America & Caribbean,2020,81.29
874,5,Latin America & Caribbean,2021,81.29
875,6,Latin America & Caribbean,2022,81.29
876,0,Latin America & Caribbean (IDA & IBRD),2016,81.29
877,1,Latin America & Caribbean (IDA & IBRD),2017,81.29
878,2,Latin America & Caribbean (IDA & IBRD),2018,81.29
879,3,Latin America & Caribbean (IDA & IBRD),2019,81.29
880,4,Latin America & Caribbean (IDA & IBRD),2020,81.29
881,5,Latin America & Caribbean (IDA & IBRD),2021,81.29
882,6,Latin America & Caribbean (IDA & IBRD),2022,81.29
883,0,Latin America & Caribbean (excluding high income),2016,81.29
884,1,Latin America & Caribbean (excluding high income),2017,81.29
885,2,Latin America & Caribbean (excluding high income),2018,81.29
886,3,Latin America & Caribbean (excluding high income),2019,81.29
887,4,Latin America & Caribbean (excluding high income),2020,81.29
888,5,Latin America & Caribbean (excluding high income),2021,81.29
889,6,Latin America & Caribbean (excluding high income),2022,81.29
890,0,Latvia,2016,54.086326426427014
891,1,Latvia,2017,54.20709981015443
892,2,Latvia,2018,54.32987489295564
893,3,Latvia,2019,54.4523969677694
894,4,Latvia,2020,54.57495093343347
895,5,Latvia,2021,54.697500881086235
896,6,Latvia,2022,54.82005133494486
897,0,Least developed countries: UN classification,2016,53.95
898,1,Least developed countries: UN classification,2017,53.95
899,2,Least developed countries: UN classification,2018,53.95
900,3,Least developed countries: UN classification,2019,53.95
901,4,Least developed countries: UN classification,2020,53.95
902,5,Least developed countries: UN classification,2021,53.95
903,6,Least developed countries: UN classification,2022,53.95
904,0,Lebanon,2016,13.444549150759572
905,1,Lebanon,2017,13.469910716666508
906,2,Lebanon,2018,13.495218968615731
907,3,Lebanon,2019,13.520530559245806
908,4,Lebanon,2020,13.545841938862033
909,5,Lebanon,2021,13.571153331790379
910,6,Lebanon,2022,13.596464723878602
911,0,Lesotho,2016,1.5881256092684255
912,1,Lesotho,2017,1.6217237420708122
913,2,Lesotho,2018,1.6384799437684439
914,3,Lesotho,2019,1.6603493515808436
915,4,Lesotho,2020,1.680666391565629
916,5,Lesotho,2021,1.701454729952111
917,6,Lesotho,2022,1.7220999822867635
918,0,Liberia,2016,43.271734027680225
919,1,Liberia,2017,42.93014614420096
920,2,Liberia,2018,42.617266250796305
921,3,Liberia,2019,42.30089812114323
922,4,Liberia,2020,41.98494574233231
923,5,Liberia,2021,41.66894415461451
924,6,Liberia,2022,41.35294837652358
925,0,Libya,2016,0.12
926,1,Libya,2017,0.12
927,2,Libya,2018,0.12
928,3,Libya,2019,0.12
929,4,Libya,2020,0.12
930,5,Libya,2021,0.12
931,6,Libya,2022,0.12
932,0,Liechtenstein,2016,43.23001740100311
933,1,Liechtenstein,2017,43.33003245654459
934,2,Liechtenstein,2018,43.43004776045293
935,3,Liechtenstein,2019,43.53006306434962
936,4,Liechtenstein,2020,43.63007836824693
937,5,Liechtenstein,2021,43.73009367214423
938,6,Liechtenstein,2022,43.83010897604153
939,0,Lithuania,2016,34.93551480574269
940,1,Lithuania,2017,35.09123484925052
941,2,Lithuania,2018,35.24693803900445
942,3,Lithuania,2019,35.4026430418257
943,4,Lithuania,2020,35.55834783585632
944,5,Lithuania,2021,35.714052654267235
945,6,Lithuania,2022,35.869757469823604
946,0,Low & middle income,2016,34.78
947,1,Low & middle income,2017,34.78
948,2,Low & middle income,2018,34.78
949,3,Low & middle income,2019,34.78
950,4,Low & middle income,2020,34.78
951,5,Low & middle income,2021,34.78
952,6,Low & middle income,2022,34.78
953,0,Low income,2016,34.78
954,1,Low income,2017,34.78
955,2,Low income,2018,34.78
956,3,Low income,2019,34.78
957,4,Low income,2020,34.78
958,5,Low income,2021,34.78
959,6,Low income,2022,34.78
960,0,Lower middle income,2016,34.78
961,1,Lower middle income,2017,34.78
962,2,Lower middle income,2018,34.78
963,3,Lower middle income,2019,34.78
964,4,Lower middle income,2020,34.78
965,5,Lower middle income,2021,34.78
966,6,Lower middle income,2022,34.78
967,0,Luxembourg,2016,33.484708694213495
968,1,Luxembourg,2017,33.498832520755506
969,2,Luxembourg,2018,33.51298783452308
970,3,Luxembourg,2019,33.527141568963025
971,4,Luxembourg,2020,33.54129538382247
972,5,Luxembourg,2021,33.555449194600385
973,6,Luxembourg,2022,33.5696030055856
974,0,Macedonia,2016,39.72919502189477
975,1,Macedonia,2017,39.869540924979816
976,2,Macedonia,2018,40.011940074451374
977,3,Macedonia,2019,40.15411725364196
978,4,Macedonia,2020,40.29631841195939
979,5,Macedonia,2021,40.43851698002723
980,6,Macedonia,2022,40.580715827894586
981,0,Madagascar,2016,21.3696024118713
982,1,Madagascar,2017,21.28242940381542
983,2,Madagascar,2018,21.196046724288905
984,3,Madagascar,2019,21.10957193727156
985,4,Madagascar,2020,21.023107885086482
986,5,Madagascar,2021,20.936642581792448
987,6,Madagascar,2022,20.850177424311003
988,0,Malawi,2016,33.14351976716154
989,1,Malawi,2017,32.80652983368343
990,2,Malawi,2018,32.48100071796951
991,3,Malawi,2019,32.15425386457252
992,4,Malawi,2020,31.827632762378737
993,5,Malawi,2021,31.500998833571273
994,6,Malawi,2022,31.17436620590205
995,0,Malaysia,2016,67.52759937649806
996,1,Malaysia,2017,67.50519836040942
997,2,Malaysia,2018,67.48279721384039
998,3,Malaysia,2019,67.46039606727084
999,4,Malaysia,2020,67.43799492070121
1000,5,Malaysia,2021,67.4155937741316
1001,6,Malaysia,2022,67.39319262756197
1002,0,Maldives,2016,3.33
1003,1,Maldives,2017,3.33
1004,2,Maldives,2018,3.33
1005,3,Maldives,2019,3.33
1006,4,Maldives,2020,3.33
1007,5,Maldives,2021,3.33
1008,6,Maldives,2022,3.33
1009,0,Mali,2016,3.836444462392569
1010,1,Mali,2017,3.764523044982038
1011,2,Mali,2018,3.699778773826911
1012,3,Mali,2019,3.633974654818758
1013,4,Mali,2020,3.5683269806066926
1014,5,Mali,2021,3.5026562142439976
1015,6,Mali,2022,3.436988856406126
1016,0,Malta,2016,1.08
1017,1,Malta,2017,1.08
1018,2,Malta,2018,1.08
1019,3,Malta,2019,1.08
1020,4,Malta,2020,1.08
1021,5,Malta,2021,1.08
1022,6,Malta,2022,1.08
1023,0,Marshall Islands,2016,70.2
1024,1,Marshall Islands,2017,70.2
1025,2,Marshall Islands,2018,70.2
1026,3,Marshall Islands,2019,70.2
1027,4,Marshall Islands,2020,70.2
1028,5,Marshall Islands,2021,70.2
1029,6,Marshall Islands,2022,70.2
1030,0,Mauritania,2016,0.21285857951325993
1031,1,Mauritania,2017,0.20536503548653032
1032,2,Mauritania,2018,0.19791446871321858
1033,3,Mauritania,2019,0.19045865728552683
1034,4,Mauritania,2020,0.18300348587852952
1035,5,Mauritania,2021,0.17554823636791603
1036,6,Mauritania,2022,0.16809299638851755
1037,0,Mauritius,2016,19.14999906314501
1038,1,Mauritius,2017,19.09999940813184
1039,2,Mauritius,2018,19.049999110940828
1040,3,Mauritius,2019,18.999998813758957
1041,4,Mauritius,2020,18.94999851657434
1042,5,Mauritius,2021,18.899998219389722
1043,6,Mauritius,2022,18.849997922205105
1044,0,Mexico,2016,33.91099121383822
1045,1,Mexico,2017,33.82974526875639
1046,2,Mexico,2018,33.751062202872454
1047,3,Mexico,2019,33.67208529867535
1048,4,Mexico,2020,33.5931420686076
1049,5,Mexico,2021,33.51419497960032
1050,6,Mexico,2022,33.43524833281283
1051,0,Micronesia (country),2016,91.9543890940269
1052,1,Micronesia (country),2017,91.99791797951738
1053,2,Micronesia (country),2018,92.03706844094825
1054,3,Micronesia (country),2019,92.07687519381109
1055,4,Micronesia (country),2020,92.11658358722822
1056,5,Micronesia (country),2021,92.15630672181805
1057,6,Micronesia (country),2022,92.19602764714291
1058,0,Middle East & North Africa,2016,91.94
1059,1,Middle East & North Africa,2017,91.94
1060,2,Middle East & North Africa,2018,91.94
1061,3,Middle East & North Africa,2019,91.94
1062,4,Middle East & North Africa,2020,91.94
1063,5,Middle East & North Africa,2021,91.94
1064,6,Middle East & North Africa,2022,91.94
1065,0,Middle East & North Africa (IDA & IBRD),2016,91.94
1066,1,Middle East & North Africa (IDA & IBRD),2017,91.94
1067,2,Middle East & North Africa (IDA & IBRD),2018,91.94
1068,3,Middle East & North Africa (IDA & IBRD),2019,91.94
1069,4,Middle East & North Africa (IDA & IBRD),2020,91.94
1070,5,Middle East & North Africa (IDA & IBRD),2021,91.94
1071,6,Middle East & North Africa (IDA & IBRD),2022,91.94
1072,0,Middle East & North Africa (excluding high income),2016,91.94
1073,1,Middle East & North Africa (excluding high income),2017,91.94
1074,2,Middle East & North Africa (excluding high income),2018,91.94
1075,3,Middle East & North Africa (excluding high income),2019,91.94
1076,4,Middle East & North Africa (excluding high income),2020,91.94
1077,5,Middle East & North Africa (excluding high income),2021,91.94
1078,6,Middle East & North Africa (excluding high income),2022,91.94
1079,0,Middle income,2016,91.94
1080,1,Middle income,2017,91.94
1081,2,Middle income,2018,91.94
1082,3,Middle income,2019,91.94
1083,4,Middle income,2020,91.94
1084,5,Middle income,2021,91.94
1085,6,Middle income,2022,91.94
1086,0,Moldova,2016,12.508376240878402
1087,1,Moldova,2017,12.669605503851914
1088,2,Moldova,2018,12.815481932354794
1089,3,Moldova,2019,12.963634903551934
1090,4,Moldova,2020,13.111450523180002
1091,5,Moldova,2021,13.259316130412088
1092,6,Moldova,2022,13.407174330697162
1093,0,Mongolia,2016,8.08040202104027
1094,1,Mongolia,2017,8.080803627437058
1095,2,Mongolia,2018,8.081205236045378
1096,3,Mongolia,2019,8.081606844653692
1097,4,Mongolia,2020,8.082008453262006
1098,5,Mongolia,2021,8.08241006187032
1099,6,Mongolia,2022,8.082811670478634
1100,0,Montenegro,2016,62.0883051516582
1101,1,Montenegro,2017,62.686485714844174
1102,2,Montenegro,2018,63.284673539359254
1103,3,Montenegro,2019,63.88286136085561
1104,4,Montenegro,2020,64.48104918244039
1105,5,Montenegro,2021,65.07923700402513
1106,6,Montenegro,2022,65.67742482560988
1107,0,Morocco,2016,12.697390753955533
1108,1,Morocco,2017,12.759524150586168
1109,2,Morocco,2018,12.823247016235301
1110,3,Morocco,2019,12.886807018934737
1111,4,Morocco,2020,12.950383741828821
1112,5,Morocco,2021,13.013958748555359
1113,6,Morocco,2022,13.077533931434868
1114,0,Mozambique,2016,48.132139045149465
1115,1,Mozambique,2017,47.82982946933025
1116,2,Mozambique,2018,47.55138207727198
1117,3,Mozambique,2019,47.269990441391535
1118,4,Mozambique,2020,46.98895686525913
1119,5,Mozambique,2021,46.70787994403737
1120,6,Mozambique,2022,46.42680826221156
1121,0,Myanmar,2016,44.088650867777325
1122,1,Myanmar,2017,43.40323616747646
1123,2,Myanmar,2018,42.786887015084545
1124,3,Myanmar,2019,42.163470693698564
1125,4,Myanmar,2020,41.54073420060021
1126,5,Myanmar,2021,40.917934839791634
1127,6,Myanmar,2022,40.295141135745865
1128,0,Namibia,2016,8.366671553942789
1129,1,Namibia,2017,8.267392366663135
1130,2,Namibia,2018,8.177773209313672
1131,3,Namibia,2019,8.086750203055358
1132,4,Namibia,2020,7.99593104123527
1133,5,Namibia,2021,7.905082283039669
1134,6,Namibia,2022,7.8142378219300035
1135,0,Nauru,2016,0.0
1136,1,Nauru,2017,0.0
1137,2,Nauru,2018,0.0
1138,3,Nauru,2019,0.0
1139,4,Nauru,2020,0.0
1140,5,Nauru,2021,0.0
1141,6,Nauru,2022,0.0
1142,0,Nepal,2016,25.001910383108893
1143,1,Nepal,2017,24.662667755093402
1144,2,Nepal,2018,24.32099539014044
1145,3,Nepal,2019,23.979526580585482
1146,4,Nepal,2020,23.63803730175
1147,5,Nepal,2021,23.296549917558846
1148,6,Nepal,2022,22.955062351461578
1149,0,Netherlands,2016,11.171308079217324
1150,1,Netherlands,2017,11.210039633942358
1151,2,Netherlands,2018,11.247870011963002
1152,3,Netherlands,2019,11.285809550520339
1153,4,Netherlands,2020,11.323735867907113
1154,5,Netherlands,2021,11.361663786588908
1155,6,Netherlands,2022,11.399591511328358
1156,0,New Caledonia,2016,45.89999999999998
1157,1,New Caledonia,2017,45.89999999999996
1158,2,New Caledonia,2018,45.89999999999995
1159,3,New Caledonia,2019,45.899999999999935
1160,4,New Caledonia,2020,45.89999999999992
1161,5,New Caledonia,2021,45.899999999999906
1162,6,New Caledonia,2022,45.89999999999989
1163,0,New Zealand,2016,38.63521217539193
1164,1,New Zealand,2017,38.71042318285762
1165,2,New Zealand,2018,38.78563430431526
1166,3,New Zealand,2019,38.86084542576879
1167,4,New Zealand,2020,38.93605654722251
1168,5,New Zealand,2021,39.01126766867624
1169,6,New Zealand,2022,39.086478790129966
1170,0,Nicaragua,2016,25.328907315558933
1171,1,Nicaragua,2017,24.849390716350204
1172,2,Nicaragua,2018,24.362901766347
1173,3,Nicaragua,2019,23.877016549077247
1174,4,Nicaragua,2020,23.391082321410344
1175,5,Nicaragua,2021,22.90515191327129
1176,6,Nicaragua,2022,22.419221215728985
1177,0,Niger,2016,0.875057227344976
1178,1,Niger,2017,0.8484174379899285
1179,2,Niger,2018,0.8219096077668538
1180,3,Niger,2019,0.7953917140199691
1181,4,Niger,2020,0.7688745897380157
1182,5,Niger,2021,0.7423574066427362
1183,6,Niger,2022,0.7158402280430092
1184,0,Nigeria,2016,7.512382136301221
1185,1,Nigeria,2017,7.020496246005828
1186,2,Nigeria,2018,6.567616835270621
1187,3,Nigeria,2019,6.1105346617479785
1188,4,Nigeria,2020,5.653878331924643
1189,5,Nigeria,2021,5.197180514803302
1190,6,Nigeria,2022,4.740486630784611
1191,0,North America,2016,7.68
1192,1,North America,2017,7.68
1193,2,North America,2018,7.68
1194,3,North America,2019,7.68
1195,4,North America,2020,7.68
1196,5,North America,2021,7.68
1197,6,North America,2022,7.68
1198,0,North Korea,2016,41.41133777769609
1199,1,North Korea,2017,40.255538540344304
1200,2,North Korea,2018,39.19726419965553
1201,3,North Korea,2019,38.128164724260905
1202,4,North Korea,2020,37.06019531568903
1203,5,North Korea,2021,35.9921124732799
1204,6,North Korea,2022,34.92404071104835
1205,0,Northern Mariana Islands,2016,63.98632951244801
1206,1,Northern Mariana Islands,2017,63.59408651561575
1207,2,Northern Mariana Islands,2018,63.234420192403135
1208,3,Northern Mariana Islands,2019,62.870931929920424
1209,4,Northern Mariana Islands,2020,62.50787938667484
1210,5,Northern Mariana Islands,2021,62.14477778060597
1211,6,Northern Mariana Islands,2022,61.78168166877325
1212,0,Norway,2016,39.812010384776706
1213,1,Norway,2017,39.81754984516522
1214,2,Norway,2018,39.8227521019683
1215,3,Norway,2019,39.827986551053804
1216,4,Norway,2020,39.8332179267152
1217,5,Norway,2021,39.838449595798735
1218,6,Norway,2022,39.84368123686904
1219,0,OECD members,2016,39.81
1220,1,OECD members,2017,39.81
1221,2,OECD members,2018,39.81
1222,3,OECD members,2019,39.81
1223,4,OECD members,2020,39.81
1224,5,OECD members,2021,39.81
1225,6,OECD members,2022,39.81
1226,0,Oman,2016,0.010000000000000005
1227,1,Oman,2017,0.010000000000000009
1228,2,Oman,2018,0.010000000000000012
1229,3,Oman,2019,0.010000000000000016
1230,4,Oman,2020,0.01000000000000002
1231,5,Oman,2021,0.010000000000000023
1232,6,Oman,2022,0.010000000000000026
1233,0,Other small states,2016,0.010000000000000005
1234,1,Other small states,2017,0.010000000000000009
1235,2,Other small states,2018,0.010000000000000012
1236,3,Other small states,2019,0.010000000000000016
1237,4,Other small states,2020,0.01000000000000002
1238,5,Other small states,2021,0.010000000000000023
1239,6,Other small states,2022,0.010000000000000026
1240,0,Pacific island small states,2016,0.010000000000000005
1241,1,Pacific island small states,2017,0.010000000000000009
1242,2,Pacific island small states,2018,0.010000000000000012
1243,3,Pacific island small states,2019,0.010000000000000016
1244,4,Pacific island small states,2020,0.01000000000000002
1245,5,Pacific island small states,2021,0.010000000000000023
1246,6,Pacific island small states,2022,0.010000000000000026
1247,0,Pakistan,2016,1.890271690655201
1248,1,Pakistan,2017,1.8293880276264423
1249,2,Pakistan,2018,1.7746652646192371
1250,3,Pakistan,2019,1.719023744151523
1251,4,Pakistan,2020,1.6635191976058685
1252,5,Pakistan,2021,1.6079942305655233
1253,6,Pakistan,2022,1.5524723078711202
1254,0,Palau,2016,87.8285301240033
1255,1,Palau,2017,88.0214486618353
1256,2,Palau,2018,88.21610565977399
1257,3,Palau,2019,88.41058985752082
1258,4,Palau,2020,88.60509174137601
1259,5,Palau,2021,88.79959182907571
1260,6,Palau,2022,88.99409209956251
1261,0,Palestine,2016,1.520234604390237
1262,1,Palestine,2017,1.520351907385592
1263,2,Palestine,2018,1.5205278608617478
1264,3,Palestine,2019,1.5206744892058233
1265,4,Palestine,2020,1.520835780061779
1266,5,Palestine,2021,1.5209897396888745
1267,6,Palestine,2022,1.5211473649168603
1268,0,Panama,2016,62.01441987729323
1269,1,Panama,2017,61.76522235652507
1270,2,Panama,2018,61.53616792027684
1271,3,Panama,2019,61.30456004695476
1272,4,Panama,2020,61.07327317550123
1273,5,Panama,2021,60.841946034609
1274,6,Panama,2022,60.6106239427811
1275,0,Papua New Guinea,2016,72.45766578200416
1276,1,Papua New Guinea,2017,72.45100506554536
1277,2,Papua New Guinea,2018,72.44501273871636
1278,3,Papua New Guinea,2019,72.43891717284042
1279,4,Papua New Guinea,2020,72.43283755316017
1280,5,Papua New Guinea,2021,72.42675547044723
1281,6,Papua New Guinea,2022,72.42067376817174
1282,0,Paraguay,2016,38.62766687734934
1283,1,Paraguay,2017,37.9167479709235
1284,2,Paraguay,2018,37.31668479366742
1285,3,Paraguay,2019,36.702218953398855
1286,4,Paraguay,2020,36.08952191450316
1287,5,Paraguay,2021,35.47661498980571
1288,6,Paraguay,2022,34.86373241340533
1289,0,Peru,2016,57.740537118972995
1290,1,Peru,2017,57.605382069182745
1291,2,Peru,2018,57.48116104445455
1292,3,Peru,2019,57.35556132058745
1293,4,Peru,2020,57.23013516833816
1294,5,Peru,2021,57.10468716880876
1295,6,Peru,2022,56.97924191909754
1296,0,Philippines,2016,28.179920138977025
1297,1,Philippines,2017,30.059711287864744
1298,2,Philippines,2018,31.791200358723692
1299,3,Philippines,2019,33.55590057078047
1300,4,Philippines,2020,35.31316545273301
1301,5,Philippines,2021,37.07209492511593
1302,6,Philippines,2022,38.83065173661483
1303,0,Poland,2016,30.83697600838988
1304,1,Poland,2017,30.917885054541383
1305,2,Poland,2018,30.990089121108237
1306,3,Poland,2019,31.063690328170917
1307,4,Poland,2020,31.13706740822074
1308,5,Poland,2021,31.21048044074211
1309,6,Poland,2022,31.28388770610955
1310,0,Portugal,2016,35.225508038442776
1311,1,Portugal,2017,35.09800136271944
1312,2,Portugal,2018,34.986311413378395
1313,3,Portugal,2019,34.87221683124212
1314,4,Portugal,2020,34.75848739275228
1315,5,Portugal,2021,34.64470251519405
1316,6,Portugal,2022,34.53092605469664
1317,0,Post-demographic dividend,2016,35.25
1318,1,Post-demographic dividend,2017,35.25
1319,2,Post-demographic dividend,2018,35.25
1320,3,Post-demographic dividend,2019,35.25
1321,4,Post-demographic dividend,2020,35.25
1322,5,Post-demographic dividend,2021,35.25
1323,6,Post-demographic dividend,2022,35.25
1324,0,Pre-demographic dividend,2016,35.25
1325,1,Pre-demographic dividend,2017,35.25
1326,2,Pre-demographic dividend,2018,35.25
1327,3,Pre-demographic dividend,2019,35.25
1328,4,Pre-demographic dividend,2020,35.25
1329,5,Pre-demographic dividend,2021,35.25
1330,6,Pre-demographic dividend,2022,35.25
1331,0,Puerto Rico,2016,58.885764124321604
1332,1,Puerto Rico,2017,59.862167930471514
1333,2,Puerto Rico,2018,60.83848829617961
1334,3,Puerto Rico,2019,61.814808758845
1335,4,Puerto Rico,2020,62.791129214193894
1336,5,Puerto Rico,2021,63.76744966955486
1337,6,Puerto Rico,2022,64.74377012491517
1338,0,Qatar,2016,0.0
1339,1,Qatar,2017,0.0
1340,2,Qatar,2018,0.0
1341,3,Qatar,2019,0.0
1342,4,Qatar,2020,0.0
1343,5,Qatar,2021,0.0
1344,6,Qatar,2022,0.0
1345,0,Romania,2016,29.60734544108499
1346,1,Romania,2017,30.107844729240394
1347,2,Romania,2018,30.310758145695832
1348,3,Romania,2019,30.636092485155295
1349,4,Romania,2020,30.9110656498381
1350,5,Romania,2021,31.20675624947098
1351,6,Romania,2022,31.493924170448807
1352,0,Russia,2016,49.77585378231508
1353,1,Russia,2017,49.79080724774744
1354,2,Russia,2018,49.805806895017575
1355,3,Russia,2019,49.820804420991806
1356,4,Russia,2020,49.83580204721132
1357,5,Russia,2021,49.8507996687291
1358,6,Russia,2022,49.865797290467846
1359,0,Rwanda,2016,19.6116727242608
1360,1,Rwanda,2017,19.994324722090433
1361,2,Rwanda,2018,20.33879171238495
1362,3,Rwanda,2019,20.689420122605256
1363,4,Rwanda,2020,21.039059301206578
1364,5,Rwanda,2021,21.388857137013005
1365,6,Rwanda,2022,21.738629532314075
1366,0,Saint Kitts and Nevis,2016,42.31
1367,1,Saint Kitts and Nevis,2017,42.31
1368,2,Saint Kitts and Nevis,2018,42.31
1369,3,Saint Kitts and Nevis,2019,42.31
1370,4,Saint Kitts and Nevis,2020,42.31
1371,5,Saint Kitts and Nevis,2021,42.31
1372,6,Saint Kitts and Nevis,2022,42.31
1373,0,Saint Lucia,2016,33.24155273166354
1374,1,Saint Lucia,2017,33.132926913518986
1375,2,Saint Lucia,2018,33.03433681312558
1376,3,Saint Lucia,2019,32.934324586408756
1377,4,Saint Lucia,2020,32.83451367313205
1378,5,Saint Lucia,2021,32.7346742657726
1379,6,Saint Lucia,2022,32.63483889143419
1380,0,Saint Martin (French part),2016,21.19
1381,1,Saint Martin (French part),2017,21.19
1382,2,Saint Martin (French part),2018,21.19
1383,3,Saint Martin (French part),2019,21.19
1384,4,Saint Martin (French part),2020,21.19
1385,5,Saint Martin (French part),2021,21.19
1386,6,Saint Martin (French part),2022,21.19
1387,0,Saint Vincent and the Grenadines,2016,69.46100371019601
1388,1,Saint Vincent and the Grenadines,2017,69.67216849070113
1389,2,Saint Vincent and the Grenadines,2018,69.88565657042646
1390,3,Saint Vincent and the Grenadines,2019,70.0988919180362
1391,4,Saint Vincent and the Grenadines,2020,70.3121552012435
1392,5,Saint Vincent and the Grenadines,2021,70.5254154075271
1393,6,Saint Vincent and the Grenadines,2022,70.73867595297874
1394,0,Samoa,2016,60.99948279371134
1395,1,Samoa,2017,61.57883541851002
1396,2,Samoa,2018,62.15820689264319
1397,3,Samoa,2019,62.73757835831471
1398,4,Samoa,2020,63.3169498246003
1399,5,Samoa,2021,63.89632129088548
1400,6,Samoa,2022,64.47569275717068
1401,0,San Marino,2016,0.0
1402,1,San Marino,2017,0.0
1403,2,San Marino,2018,0.0
1404,3,San Marino,2019,0.0
1405,4,San Marino,2020,0.0
1406,5,San Marino,2021,0.0
1407,6,San Marino,2022,0.0
1408,0,Sao Tome and Principe,2016,55.72998099156729
1409,1,Sao Tome and Principe,2017,55.629960641414144
1410,2,Sao Tome and Principe,2018,55.529939933452944
1411,3,Sao Tome and Principe,2019,55.429919225482145
1412,4,Sao Tome and Principe,2020,55.32989851751007
1413,5,Sao Tome and Principe,2021,55.22987780953799
1414,6,Sao Tome and Principe,2022,55.12985710156591
1415,0,Saudi Arabia,2016,0.45
1416,1,Saudi Arabia,2017,0.45
1417,2,Saudi Arabia,2018,0.45
1418,3,Saudi Arabia,2019,0.45
1419,4,Saudi Arabia,2020,0.45
1420,5,Saudi Arabia,2021,0.45
1421,6,Saudi Arabia,2022,0.45
1422,0,Senegal,2016,42.86745327223868
1423,1,Senegal,2017,42.62419118302738
1424,2,Senegal,2018,42.39903991543242
1425,3,Senegal,2019,42.17163499429671
1426,4,Senegal,2020,41.94450819597219
1427,5,Senegal,2021,41.71734714626799
1428,6,Senegal,2022,41.49019031245106
1429,0,Serbia,2016,31.302899339228723
1430,1,Serbia,2017,31.494831765293167
1431,2,Serbia,2018,31.688054480331367
1432,3,Serbia,2019,31.88113375960422
1433,4,Serbia,2020,32.07422915451319
1434,5,Serbia,2021,32.26732274243602
1435,6,Serbia,2022,32.460416533047876
1436,0,Seychelles,2016,88.41
1437,1,Seychelles,2017,88.41
1438,2,Seychelles,2018,88.41
1439,3,Seychelles,2019,88.41
1440,4,Seychelles,2020,88.41
1441,5,Seychelles,2021,88.41
1442,6,Seychelles,2022,88.41
1443,0,Sierra Leone,2016,43.0877026640118
1444,1,Sierra Leone,2017,44.18848243440891
1445,2,Sierra Leone,2018,45.207663539547966
1446,3,Sierra Leone,2019,46.2394168792507
1447,4,Sierra Leone,2020,47.26922280550929
1448,5,Sierra Leone,2021,48.29933010867728
1449,6,Sierra Leone,2022,49.32939076431651
1450,0,Singapore,2016,23.36
1451,1,Singapore,2017,23.36
1452,2,Singapore,2018,23.36
1453,3,Singapore,2019,23.36
1454,4,Singapore,2020,23.36
1455,5,Singapore,2021,23.36
1456,6,Singapore,2022,23.36
1457,0,Slovakia,2016,40.355217780741654
1458,1,Slovakia,2017,40.37083771678647
1459,2,Slovakia,2018,40.38642225542751
1460,3,Slovakia,2019,40.40200990016291
1461,4,Slovakia,2020,40.417597272285676
1462,5,Slovakia,2021,40.43318466833452
1463,6,Slovakia,2022,40.44877206228347
1464,0,Slovenia,2016,62.09858563676655
1465,1,Slovenia,2017,62.221871566990146
1466,2,Slovenia,2018,62.34568808962179
1467,3,Slovenia,2019,62.46945691746116
1468,4,Slovenia,2020,62.59323014711023
1469,5,Slovenia,2021,62.71700297320359
1470,6,Slovenia,2022,62.840775836356386
1471,0,Small states,2016,61.97
1472,1,Small states,2017,61.97
1473,2,Small states,2018,61.97
1474,3,Small states,2019,61.97
1475,4,Small states,2020,61.97
1476,5,Small states,2021,61.97
1477,6,Small states,2022,61.97
1478,0,Solomon Islands,2016,77.98481097362158
1479,1,Solomon Islands,2017,77.76587618993649
1480,2,Solomon Islands,2018,77.56642108068962
1481,3,Solomon Islands,2019,77.36439473506711
1482,4,Solomon Islands,2020,77.1627058996491
1483,5,Solomon Islands,2021,76.96097281443456
1484,6,Solomon Islands,2022,76.75924552915343
1485,0,Somalia,2016,10.092936079862692
1486,1,Somalia,2017,9.95778622668179
1487,2,Somalia,2018,9.835141880335595
1488,3,Somalia,2019,9.710744456202073
1489,4,Somalia,2020,9.586592356577254
1490,5,Somalia,2021,9.462405934787915
1491,6,Somalia,2022,9.338224314682797
1492,0,South Africa,2016,7.61
1493,1,South Africa,2017,7.61
1494,2,South Africa,2018,7.61
1495,3,South Africa,2019,7.61
1496,4,South Africa,2020,7.61
1497,5,South Africa,2021,7.61
1498,6,South Africa,2022,7.61
1499,0,South Asia,2016,7.61
1500,1,South Asia,2017,7.61
1501,2,South Asia,2018,7.61
1502,3,South Asia,2019,7.61
1503,4,South Asia,2020,7.61
1504,5,South Asia,2021,7.61
1505,6,South Asia,2022,7.61
1506,0,South Asia (IDA & IBRD),2016,7.61
1507,1,South Asia (IDA & IBRD),2017,7.61
1508,2,South Asia (IDA & IBRD),2018,7.61
1509,3,South Asia (IDA & IBRD),2019,7.61
1510,4,South Asia (IDA & IBRD),2020,7.61
1511,5,South Asia (IDA & IBRD),2021,7.61
1512,6,South Asia (IDA & IBRD),2022,7.61
1513,0,South Korea,2016,63.65781838235312
1514,1,South Korea,2017,63.5741366880691
1515,2,South Korea,2018,63.497370212754234
1516,3,South Korea,2019,63.41968088079415
1517,4,South Korea,2020,63.342114636984
1518,5,South Korea,2021,63.264531976867914
1519,6,South Korea,2022,63.18695150618915
1520,0,Spain,2016,37.30366577744864
1521,1,Spain,2017,37.68550091842739
1522,2,Spain,2018,38.06764946463201
1523,3,Spain,2019,38.449767420824934
1524,4,Spain,2020,38.83188891324693
1525,5,Spain,2021,39.21401001992237
1526,6,Spain,2022,39.59613116949116
1527,0,Sri Lanka,2016,32.91981363044357
1528,1,Sri Lanka,2017,32.77445171315692
1529,2,Sri Lanka,2018,32.63536464574463
1530,3,Sri Lanka,2019,32.49557290897846
1531,4,Sri Lanka,2020,32.35586017076391
1532,5,Sri Lanka,2021,32.21613857834062
1533,6,Sri Lanka,2022,32.076417978270264
1534,0,Sub-Saharan Africa,2016,26.983153706418936
1535,1,Sub-Saharan Africa,2017,26.827981893969813
1536,2,Sub-Saharan Africa,2018,26.683085522503067
1537,3,Sub-Saharan Africa,2019,26.536864395993423
1538,4,Sub-Saharan Africa,2020,26.39081357031578
1539,5,Sub-Saharan Africa,2021,26.244740862610477
1540,6,Sub-Saharan Africa,2022,26.0986709663074
1541,0,Sub-Saharan Africa (IDA & IBRD),2016,27.06
1542,1,Sub-Saharan Africa (IDA & IBRD),2017,27.06
1543,2,Sub-Saharan Africa (IDA & IBRD),2018,27.06
1544,3,Sub-Saharan Africa (IDA & IBRD),2019,27.06
1545,4,Sub-Saharan Africa (IDA & IBRD),2020,27.06
1546,5,Sub-Saharan Africa (IDA & IBRD),2021,27.06
1547,6,Sub-Saharan Africa (IDA & IBRD),2022,27.06
1548,0,Sub-Saharan Africa (excluding high income),2016,27.06
1549,1,Sub-Saharan Africa (excluding high income),2017,27.06
1550,2,Sub-Saharan Africa (excluding high income),2018,27.06
1551,3,Sub-Saharan Africa (excluding high income),2019,27.06
1552,4,Sub-Saharan Africa (excluding high income),2020,27.06
1553,5,Sub-Saharan Africa (excluding high income),2021,27.06
1554,6,Sub-Saharan Africa (excluding high income),2022,27.06
1555,0,Sudan,2016,10.254169686461223
1556,1,Sudan,2017,10.15072777316688
1557,2,Sudan,2018,10.057002903107112
1558,3,Sudan,2019,9.961893238404478
1559,4,Sudan,2020,9.866980739983209
1560,5,Sudan,2021,9.772040172033478
1561,6,Sudan,2022,9.677103600149424
1562,0,Suriname,2016,95.4203617991992
1563,1,Suriname,2017,95.3933078391241
1564,2,Suriname,2018,95.36891698485672
1565,3,Suriname,2019,95.34411940880716
1566,4,Suriname,2020,95.31938394611406
1567,5,Suriname,2021,95.29463899767023
1568,6,Suriname,2022,95.26989549785944
1569,0,Swaziland,2016,34.169382662915105
1570,1,Swaziland,2017,34.46080244226045
1571,2,Swaziland,2018,34.72721903681914
1572,3,Swaziland,2019,34.99675158880884
1573,4,Swaziland,2020,35.26590071822252
1574,5,Swaziland,2021,35.535096848721544
1575,6,Swaziland,2022,35.80428722435678
1576,0,Sweden,2016,68.40991149762775
1577,1,Sweden,2017,68.40982299571156
1578,2,Sweden,2018,68.40973449377773
1579,3,Sweden,2019,68.4096459918439
1580,4,Sweden,2020,68.40955748991007
1581,5,Sweden,2021,68.40946898797624
1582,6,Sweden,2022,68.40938048604241
1583,0,Switzerland,2016,31.3992113024629
1584,1,Switzerland,2017,31.511441976474917
1585,2,Switzerland,2018,31.615034878935344
1586,3,Switzerland,2019,31.719799515100007
1587,4,Switzerland,2020,31.824405406262485
1588,5,Switzerland,2021,31.92903280057286
1589,6,Switzerland,2022,32.03365728218552
1590,0,Syrian Arab Republic,2016,31.35
1591,1,Syrian Arab Republic,2017,31.35
1592,2,Syrian Arab Republic,2018,31.35
1593,3,Syrian Arab Republic,2019,31.35
1594,4,Syrian Arab Republic,2020,31.35
1595,5,Syrian Arab Republic,2021,31.35
1596,6,Syrian Arab Republic,2022,31.35
1597,0,Tajikistan,2016,2.9721914240325216
1598,1,Tajikistan,2017,2.9764321809095318
1599,2,Tajikistan,2018,2.9804364238208545
1600,3,Tajikistan,2019,2.9844679625987838
1601,4,Tajikistan,2020,2.988496351184903
1602,5,Tajikistan,2021,2.992525103331871
1603,6,Tajikistan,2022,2.9965538135206033
1604,0,Tanzania,2016,51.808457416720294
1605,1,Tanzania,2017,51.32398560968995
1606,2,Tanzania,2018,50.87425028115075
1607,3,Tanzania,2019,50.420825256487596
1608,4,Tanzania,2020,49.96776880247751
1609,5,Tanzania,2021,49.51467694825999
1610,6,Tanzania,2022,49.06158840268749
1611,0,Thailand,2016,32.2876111696968
1612,1,Thailand,2017,32.47522574391525
1613,2,Thailand,2018,32.66284020360664
1614,3,Thailand,2019,32.85045466330527
1615,4,Thailand,2020,33.03806912300378
1616,5,Thailand,2021,33.22568358270229
1617,6,Thailand,2022,33.4132980424008
1618,0,Timor,2016,45.861453827243864
1619,1,Timor,2017,45.03554905678304
1620,2,Timor,2018,44.27821869484179
1621,3,Timor,2019,43.513330063852614
1622,4,Timor,2020,42.74922491210538
1623,5,Timor,2021,41.98504167022148
1624,6,Timor,2022,41.22086600238586
1625,0,Togo,2016,3.3218789722988404
1626,1,Togo,2017,2.9216005814736827
1627,2,Togo,2018,2.5540985788952684
1628,3,Togo,2019,2.1827987354691754
1629,4,Togo,2020,1.8119250726822431
1630,5,Togo,2021,1.4410042781665318
1631,6,Togo,2022,1.0700886602880082
1632,0,Tonga,2016,12.5
1633,1,Tonga,2017,12.5
1634,2,Tonga,2018,12.5
1635,3,Tonga,2019,12.5
1636,4,Tonga,2020,12.5
1637,5,Tonga,2021,12.5
1638,6,Tonga,2022,12.5
1639,0,Trinidad and Tobago,2016,45.75813544052764
1640,1,Trinidad and Tobago,2017,45.96178116062719
1641,2,Trinidad and Tobago,2018,46.14640857616263
1642,3,Trinidad and Tobago,2019,46.333286858800655
1643,4,Trinidad and Tobago,2020,46.519897300412225
1644,5,Trinidad and Tobago,2021,46.7065395848944
1645,6,Trinidad and Tobago,2022,46.89317808309719
1646,0,Tunisia,2016,6.775783092054452
1647,1,Tunisia,2017,6.884444558511606
1648,2,Tunisia,2018,6.989207961766682
1649,3,Tunisia,2019,7.09442893507021
1650,4,Tunisia,2020,7.199596261737027
1651,5,Tunisia,2021,7.304769877143935
1652,6,Tunisia,2022,7.409942755364935
1653,0,Turkey,2016,15.230920671362075
1654,1,Turkey,2017,15.366646196050622
1655,2,Turkey,2018,15.48005195539654
1656,3,Turkey,2019,15.597421288490954
1657,4,Turkey,2020,15.71408726849289
1658,5,Turkey,2021,15.830878052393626
1659,6,Turkey,2022,15.94764669109121
1660,0,Turkmenistan,2016,8.78
1661,1,Turkmenistan,2017,8.78
1662,2,Turkmenistan,2018,8.78
1663,3,Turkmenistan,2019,8.78
1664,4,Turkmenistan,2020,8.78
1665,5,Turkmenistan,2021,8.78
1666,6,Turkmenistan,2022,8.78
1667,0,Turks and Caicos Islands,2016,80.0
1668,1,Turks and Caicos Islands,2017,80.0
1669,2,Turks and Caicos Islands,2018,80.0
1670,3,Turks and Caicos Islands,2019,80.0
1671,4,Turks and Caicos Islands,2020,80.0
1672,5,Turks and Caicos Islands,2021,80.0
1673,6,Turks and Caicos Islands,2022,80.0
1674,0,Tuvalu,2016,33.33
1675,1,Tuvalu,2017,33.33
1676,2,Tuvalu,2018,33.33
1677,3,Tuvalu,2019,33.33
1678,4,Tuvalu,2020,33.33
1679,5,Tuvalu,2021,33.33
1680,6,Tuvalu,2022,33.33
1681,0,Uganda,2016,10.375310755647517
1682,1,Uganda,2017,9.765087540874276
1683,2,Uganda,2018,9.236168024802602
1684,3,Uganda,2019,8.69730194434975
1685,4,Uganda,2020,8.159580408450886
1686,5,Uganda,2021,7.621732229243346
1687,6,Uganda,2022,7.083897686765684
1688,0,Ukraine,2016,16.68463113145715
1689,1,Ukraine,2017,16.71261330995289
1690,2,Ukraine,2018,16.73945676588684
1691,3,Ukraine,2019,16.766396123629452
1692,4,Ukraine,2020,16.79332739376122
1693,5,Ukraine,2021,16.820259345840856
1694,6,Ukraine,2022,16.84719124041772
1695,0,United Arab Emirates,2016,3.8973766286137224
1696,1,United Arab Emirates,2017,3.9360381925509107
1697,2,United Arab Emirates,2018,3.9746068575468256
1698,3,United Arab Emirates,2019,4.013181875465662
1699,4,United Arab Emirates,2020,4.051756453725656
1700,5,United Arab Emirates,2021,4.090331062333565
1701,6,United Arab Emirates,2022,4.128905668845494
1702,0,United Kingdom,2016,13.023468514644717
1703,1,United Kingdom,2017,13.089763890603688
1704,2,United Kingdom,2018,13.150856121505017
1705,3,United Kingdom,2019,13.212578846996237
1706,4,United Kingdom,2020,13.274225183412748
1707,5,United Kingdom,2021,13.335880774848828
1708,6,United Kingdom,2022,13.397535244981315
1709,0,United States,2016,33.880957887989005
1710,1,United States,2017,33.92922291510348
1711,2,United States,2018,33.975057395109914
1712,3,United States,2019,34.0212326923668
1713,4,United States,2020,34.06736020265504
1714,5,United States,2021,34.113494413271354
1715,6,United States,2022,34.15962768441837
1716,0,United States Virgin Islands,2016,49.68773820659256
1717,1,United States Virgin Islands,2017,48.97208017820963
1718,2,United States Virgin Islands,2018,48.267478062033035
1719,3,United States Virgin Islands,2019,47.561834207634085
1720,4,United States Virgin Islands,2020,46.856287677064294
1721,5,United States Virgin Islands,2021,46.150732073929746
1722,6,United States Virgin Islands,2022,45.44517731606583
1723,0,Upper middle income,2016,50.29
1724,1,Upper middle income,2017,50.29
1725,2,Upper middle income,2018,50.29
1726,3,Upper middle income,2019,50.29
1727,4,Upper middle income,2020,50.29
1728,5,Upper middle income,2021,50.29
1729,6,Upper middle income,2022,50.29
1730,0,Uruguay,2016,10.74063394109799
1731,1,Uruguay,2017,10.992391966208757
1732,2,Uruguay,2018,11.23804096321857
1733,3,Uruguay,2019,11.484417947705822
1734,4,Uruguay,2020,11.730708167867878
1735,5,Uruguay,2021,11.97700872884766
1736,6,Uruguay,2022,12.22330805737897
1737,0,Uzbekistan,2016,7.3245084481241625
1738,1,Uzbekistan,2017,7.330011248393615
1739,2,Uzbekistan,2018,7.336210621185662
1740,3,Uzbekistan,2019,7.342357150357537
1741,4,Uzbekistan,2020,7.348507698276909
1742,5,Uzbekistan,2021,7.354657940667951
1743,6,Uzbekistan,2022,7.360808206287958
1744,0,Vanuatu,2016,36.1
1745,1,Vanuatu,2017,36.1
1746,2,Vanuatu,2018,36.1
1747,3,Vanuatu,2019,36.1
1748,4,Vanuatu,2020,36.1
1749,5,Vanuatu,2021,36.1
1750,6,Vanuatu,2022,36.1
1751,0,Venezuela,2016,52.752071424012776
1752,1,Venezuela,2017,52.495235258051686
1753,2,Venezuela,2018,52.248173830698235
1754,3,Venezuela,2019,51.99993412911446
1755,4,Venezuela,2020,51.751837061022286
1756,5,Venezuela,2021,51.50372273812955
1757,6,Venezuela,2022,51.255610502816815
1758,0,Vietnam,2016,48.15661210759065
1759,1,Vietnam,2017,48.89645272655879
1760,2,Vietnam,2018,49.61157150677425
1761,3,Vietnam,2019,50.329145280943834
1762,4,Vietnam,2020,51.046489687440754
1763,5,Vietnam,2021,51.76385470320691
1764,6,Vietnam,2022,52.481217916763356
1765,0,World,2016,30.61781696976496
1766,1,World,2017,30.576099484724327
1767,2,World,2018,30.535461214931495
1768,3,World,2019,30.49470102647332
1769,4,World,2020,30.453954612377753
1770,5,World,2021,30.413206642062107
1771,6,World,2022,30.372458847567405
1772,0,Yemen,2016,1.04
1773,1,Yemen,2017,1.04
1774,2,Yemen,2018,1.04
1775,3,Yemen,2019,1.04
1776,4,Yemen,2020,1.04
1777,5,Yemen,2021,1.04
1778,6,Yemen,2022,1.04
1779,0,Zambia,2016,65.3341798431286
1780,1,Zambia,2017,65.08730919501507
1781,2,Zambia,2018,64.86201486018119
1782,3,Zambia,2019,64.6339215838137
1783,4,Zambia,2020,64.40618860522223
1784,5,Zambia,2021,64.1784093343962
1785,6,Zambia,2022,63.95063600857391
1786,0,Zimbabwe,2016,36.02125440274107
1787,1,Zimbabwe,2017,35.105882494822964
1788,2,Zimbabwe,2018,34.2621906403601
1789,3,Zimbabwe,2019,33.41065216379141
1790,4,Zimbabwe,2020,32.55992151370751
1791,5,Zimbabwe,2021,31.709110894918894
1792,6,Zimbabwe,2022,30.858307979611286
